year,federal_income_tax,release_tob_oasdi,release_tob_hi,release_tob_total,tob_oasdi,tob_hi,tob_total,current_law_tob_oasdi,current_law_tob_hi,current_law_tob_total,oasdi_nominal_delta_billions,hi_method,oasdi_source,hi_source,current_law_source,notes,scenario_id,baseline_kind,baseline_sha256,baseline_manifest,target_tob_oasdi,target_tob_hi,target_tob_total,tob_oasdi_gap_to_post_obbba_target,tob_hi_gap_to_post_obbba_target,tob_total_gap_to_post_obbba_target,post_obbba_tob_target_alignment,oasdi_taxable_payroll,gdp,hi_taxable_payroll,tob_total_pct_oasdi_payroll,tob_oasdi_pct_oasdi_payroll,tob_hi_pct_hi_payroll,federal_income_tax_pct_gdp,post_obbba_tob_delta,calibration_target,calibration_quality,tax_assumption
2026,2531.907371540,61.840799997,46.966000029,108.806800026,61.840799997,46.966000029,108.806800026,61.840800000,46.966000000,108.806800000,0.000000000,current_law,2026 Trustees Report intermediate assumptions: income-rate share of taxable payroll attributable to taxation of benefits,"CMS 2026 Medicare Trustees expanded tables, annual through 2100",2026 Trustees current-law TOB baseline (OBBBA native),TR2026 intermediate assumptions carry OBBBA in current law; values are the raw Trustees/CMS series with no bridge.,crfb_tr2026_current_law_tob_75y,calibration_target,e85e06cf794a849b23adc42ca44a4b7c9ecefa5935e7f53194db7f6b28c48483,data/ssa_tob_baseline_75year.manifest.json,61.840800000,46.966000000,108.806800000,-0.000000003,0.000000029,0.000000026,aligned,11043.000000000,32289.000000000,13549.538924000,0.985301096,0.560000000,0.346624341,7.841392956,0.000000026,Direct full-H5 microsimulation aggregate; generated post-OBBBA TOB baseline retained as a reference target,No post-hoc TOB calibration is applied to dashboard results. OASDI and HI target gaps are reported separately for review.,trustees-2025-core-thresholds-v1
2027,2658.391353170,68.928299998,51.903000015,120.831300013,68.928299998,51.903000015,120.831300013,70.247600000,52.117000000,122.364600000,0.000000000,current_law,2026 Trustees Report intermediate assumptions: income-rate share of taxable payroll attributable to taxation of benefits,"CMS 2026 Medicare Trustees expanded tables, annual through 2100",2026 Trustees current-law TOB baseline (OBBBA native),TR2026 intermediate assumptions carry OBBBA in current law; values are the raw Trustees/CMS series with no bridge.,crfb_tr2026_current_law_tob_75y,calibration_target,e85e06cf794a849b23adc42ca44a4b7c9ecefa5935e7f53194db7f6b28c48483,data/ssa_tob_baseline_75year.manifest.json,70.247600000,52.117000000,122.364600000,-1.319300002,-0.213999985,-1.533299987,raw_microsim_differs_from_target,11516.000000000,33495.000000000,14076.556835000,1.049247135,0.598543765,0.368719429,7.936681156,-1.533299987,Direct full-H5 microsimulation aggregate; generated post-OBBBA TOB baseline retained as a reference target,No post-hoc TOB calibration is applied to dashboard results. OASDI and HI target gaps are reported separately for review.,trustees-2025-core-thresholds-v1
2028,2784.875334800,76.015799999,56.840000001,132.855800000,76.015799999,56.840000001,132.855800000,76.015800000,56.840000000,132.855800000,0.000000000,current_law,2026 Trustees Report intermediate assumptions: income-rate share of taxable payroll attributable to taxation of benefits,"CMS 2026 Medicare Trustees expanded tables, annual through 2100",2026 Trustees current-law TOB baseline (OBBBA native),TR2026 intermediate assumptions carry OBBBA in current law; values are the raw Trustees/CMS series with no bridge.,crfb_tr2026_current_law_tob_75y,calibration_target,e85e06cf794a849b23adc42ca44a4b7c9ecefa5935e7f53194db7f6b28c48483,data/ssa_tob_baseline_75year.manifest.json,76.015800000,56.840000000,132.855800000,-0.000000001,0.000000001,0.000000000,aligned,12066.000000000,34730.000000000,14813.844786000,1.101075750,0.630000000,0.383695123,8.018644788,0.000000000,Direct full-H5 microsimulation aggregate; generated post-OBBBA TOB baseline retained as a reference target,No post-hoc TOB calibration is applied to dashboard results. OASDI and HI target gaps are reported separately for review.,trustees-2025-core-thresholds-v1
2029,2996.870847210,85.972399988,61.604000012,147.576400000,85.972399988,61.604000012,147.576400000,85.972400000,61.604000000,147.576400000,0.000000000,current_law,2026 Trustees Report intermediate assumptions: income-rate share of taxable payroll attributable to taxation of benefits,"CMS 2026 Medicare Trustees expanded tables, annual through 2100",2026 Trustees current-law TOB baseline (OBBBA native),TR2026 intermediate assumptions carry OBBBA in current law; values are the raw Trustees/CMS series with no bridge.,crfb_tr2026_current_law_tob_75y,calibration_target,e85e06cf794a849b23adc42ca44a4b7c9ecefa5935e7f53194db7f6b28c48483,data/ssa_tob_baseline_75year.manifest.json,85.972400000,61.604000000,147.576400000,-0.000000012,0.000000012,0.000000000,aligned,12643.000000000,36049.000000000,15632.422283000,1.167257771,0.680000000,0.394078403,8.313325882,0.000000000,Direct full-H5 microsimulation aggregate; generated post-OBBBA TOB baseline retained as a reference target,No post-hoc TOB calibration is applied to dashboard results. OASDI and HI target gaps are reported separately for review.,trustees-2025-core-thresholds-v1
2030,3231.868814240,92.806000276,66.605000235,159.411000510,92.806000276,66.605000235,159.411000510,92.806000000,66.605000000,159.411000000,0.000000000,current_law,2026 Trustees Report intermediate assumptions: income-rate share of taxable payroll attributable to taxation of benefits,"CMS 2026 Medicare Trustees expanded tables, annual through 2100",2026 Trustees current-law TOB baseline (OBBBA native),TR2026 intermediate assumptions carry OBBBA in current law; values are the raw Trustees/CMS series with no bridge.,crfb_tr2026_current_law_tob_75y,calibration_target,e85e06cf794a849b23adc42ca44a4b7c9ecefa5935e7f53194db7f6b28c48483,data/ssa_tob_baseline_75year.manifest.json,92.806000000,66.605000000,159.411000000,0.000000276,0.000000235,0.000000510,aligned,13258.000000000,37466.000000000,16571.142111000,1.202375928,0.700000002,0.401933674,8.626137870,0.000000510,Direct full-H5 microsimulation aggregate; generated post-OBBBA TOB baseline retained as a reference target,No post-hoc TOB calibration is applied to dashboard results. OASDI and HI target gaps are reported separately for review.,trustees-2025-core-thresholds-v1
2031,3448.954551680,99.477650138,71.754000117,171.231650255,99.477650138,71.754000117,171.231650255,98.626100000,71.600000000,170.226100000,0.000000000,current_law,2026 Trustees Report intermediate assumptions: income-rate share of taxable payroll attributable to taxation of benefits,"CMS 2026 Medicare Trustees expanded tables, annual through 2100",2026 Trustees current-law TOB baseline (OBBBA native),TR2026 intermediate assumptions carry OBBBA in current law; values are the raw Trustees/CMS series with no bridge.,crfb_tr2026_current_law_tob_75y,calibration_target,e85e06cf794a849b23adc42ca44a4b7c9ecefa5935e7f53194db7f6b28c48483,data/ssa_tob_baseline_75year.manifest.json,98.626100000,71.600000000,170.226100000,0.851550138,0.154000117,1.005550255,raw_microsim_differs_from_target,13891.000000000,38956.000000000,17574.812558000,1.232680514,0.716130229,0.408277470,8.853461730,1.005550255,Direct full-H5 microsimulation aggregate; generated post-OBBBA TOB baseline retained as a reference target,No post-hoc TOB calibration is applied to dashboard results. OASDI and HI target gaps are reported separately for review.,trustees-2025-core-thresholds-v1
2032,3666.040289120,106.149300000,76.903000000,183.052300000,106.149300000,76.903000000,183.052300000,106.149300000,76.903000000,183.052300000,0.000000000,current_law,2026 Trustees Report intermediate assumptions: income-rate share of taxable payroll attributable to taxation of benefits,"CMS 2026 Medicare Trustees expanded tables, annual through 2100",2026 Trustees current-law TOB baseline (OBBBA native),TR2026 intermediate assumptions carry OBBBA in current law; values are the raw Trustees/CMS series with no bridge.,crfb_tr2026_current_law_tob_75y,calibration_target,e85e06cf794a849b23adc42ca44a4b7c9ecefa5935e7f53194db7f6b28c48483,data/ssa_tob_baseline_75year.manifest.json,106.149300000,76.903000000,183.052300000,0.000000000,0.000000000,0.000000000,aligned,14541.000000000,40519.000000000,18529.687959000,1.258870091,0.730000000,0.415025877,9.047706728,0.000000000,Direct full-H5 microsimulation aggregate; generated post-OBBBA TOB baseline retained as a reference target,No post-hoc TOB calibration is applied to dashboard results. OASDI and HI target gaps are reported separately for review.,trustees-2025-core-thresholds-v1
2033,3906.040330620,113.977499997,82.958000002,196.935499999,113.977499997,82.958000002,196.935499999,113.977500000,82.958000000,196.935500000,0.000000000,current_law,2026 Trustees Report intermediate assumptions: income-rate share of taxable payroll attributable to taxation of benefits,"CMS 2026 Medicare Trustees expanded tables, annual through 2100",2026 Trustees current-law TOB baseline (OBBBA native),TR2026 intermediate assumptions carry OBBBA in current law; values are the raw Trustees/CMS series with no bridge.,crfb_tr2026_current_law_tob_75y,calibration_target,e85e06cf794a849b23adc42ca44a4b7c9ecefa5935e7f53194db7f6b28c48483,data/ssa_tob_baseline_75year.manifest.json,113.977500000,82.958000000,196.935500000,-0.000000003,0.000000002,-0.000000001,aligned,15197.000000000,42151.000000000,19465.718895000,1.295884056,0.750000000,0.426174859,9.266779746,-0.000000001,Direct full-H5 microsimulation aggregate; generated post-OBBBA TOB baseline retained as a reference target,No post-hoc TOB calibration is applied to dashboard results. OASDI and HI target gaps are reported separately for review.,trustees-2025-core-thresholds-v1
2034,4109.328639430,121.284150023,88.937500019,210.221650041,121.284150023,88.937500019,210.221650041,120.391600000,88.952000000,209.343600000,0.000000000,current_law,2026 Trustees Report intermediate assumptions: income-rate share of taxable payroll attributable to taxation of benefits,"CMS 2026 Medicare Trustees expanded tables, annual through 2100",2026 Trustees current-law TOB baseline (OBBBA native),TR2026 intermediate assumptions carry OBBBA in current law; values are the raw Trustees/CMS series with no bridge.,crfb_tr2026_current_law_tob_75y,calibration_target,e85e06cf794a849b23adc42ca44a4b7c9ecefa5935e7f53194db7f6b28c48483,data/ssa_tob_baseline_75year.manifest.json,120.391600000,88.952000000,209.343600000,0.892550023,-0.014499981,0.878050041,raw_microsim_differs_from_target,15841.000000000,43845.000000000,20405.596118000,1.327073102,0.765634430,0.435848576,9.372399679,0.878050041,Direct full-H5 microsimulation aggregate; generated post-OBBBA TOB baseline retained as a reference target,No post-hoc TOB calibration is applied to dashboard results. OASDI and HI target gaps are reported separately for review.,trustees-2025-core-thresholds-v1
2035,4312.616948240,128.590800048,94.917000035,223.507800083,128.590800048,94.917000035,223.507800083,128.590800000,94.917000000,223.507800000,0.000000000,current_law,2026 Trustees Report intermediate assumptions: income-rate share of taxable payroll attributable to taxation of benefits,"CMS 2026 Medicare Trustees expanded tables, annual through 2100",2026 Trustees current-law TOB baseline (OBBBA native),TR2026 intermediate assumptions carry OBBBA in current law; values are the raw Trustees/CMS series with no bridge.,crfb_tr2026_current_law_tob_75y,calibration_target,e85e06cf794a849b23adc42ca44a4b7c9ecefa5935e7f53194db7f6b28c48483,data/ssa_tob_baseline_75year.manifest.json,128.590800000,94.917000000,223.507800000,0.000000048,0.000000035,0.000000083,aligned,16486.000000000,45582.000000000,20654.733077000,1.355743055,0.780000000,0.459541160,9.461228003,0.000000083,Direct full-H5 microsimulation aggregate; generated post-OBBBA TOB baseline retained as a reference target,No post-hoc TOB calibration is applied to dashboard results. OASDI and HI target gaps are reported separately for review.,trustees-2025-core-thresholds-v1
2036,4512.727637506,135.060420091,100.963000072,236.023420164,135.060420091,100.963000072,236.023420164,135.287500000,101.077000000,236.364500000,0.000000000,current_law,2026 Trustees Report intermediate assumptions: income-rate share of taxable payroll attributable to taxation of benefits,"CMS 2026 Medicare Trustees expanded tables, annual through 2100",2026 Trustees current-law TOB baseline (OBBBA native),TR2026 intermediate assumptions carry OBBBA in current law; values are the raw Trustees/CMS series with no bridge.,crfb_tr2026_current_law_tob_75y,calibration_target,e85e06cf794a849b23adc42ca44a4b7c9ecefa5935e7f53194db7f6b28c48483,data/ssa_tob_baseline_75year.manifest.json,135.287500000,101.077000000,236.364500000,-0.227079909,-0.113999928,-0.341079836,raw_microsim_differs_from_target,17125.000000000,47386.000000000,21455.906902000,1.378238950,0.788673986,0.470560394,9.523335241,-0.341079836,Direct full-H5 microsimulation aggregate; generated post-OBBBA TOB baseline retained as a reference target,No post-hoc TOB calibration is applied to dashboard results. OASDI and HI target gaps are reported separately for review.,trustees-2025-core-thresholds-v1
2037,4712.838326772,141.530040135,107.009000110,248.539040245,141.530040135,107.009000110,248.539040245,140.430400000,107.068000000,247.498400000,0.000000000,current_law,2026 Trustees Report intermediate assumptions: income-rate share of taxable payroll attributable to taxation of benefits,"CMS 2026 Medicare Trustees expanded tables, annual through 2100",2026 Trustees current-law TOB baseline (OBBBA native),TR2026 intermediate assumptions carry OBBBA in current law; values are the raw Trustees/CMS series with no bridge.,crfb_tr2026_current_law_tob_75y,calibration_target,e85e06cf794a849b23adc42ca44a4b7c9ecefa5935e7f53194db7f6b28c48483,data/ssa_tob_baseline_75year.manifest.json,140.430400000,107.068000000,247.498400000,1.099640135,-0.058999890,1.040640245,raw_microsim_differs_from_target,17776.000000000,49255.000000000,22271.459306000,1.398171919,0.796186094,0.480475925,9.568243481,1.040640245,Direct full-H5 microsimulation aggregate; generated post-OBBBA TOB baseline retained as a reference target,No post-hoc TOB calibration is applied to dashboard results. OASDI and HI target gaps are reported separately for review.,trustees-2025-core-thresholds-v1
2038,4912.949016038,147.999660178,113.055000147,261.054660325,147.999660178,113.055000147,261.054660325,147.608000000,113.047000000,260.655000000,0.000000000,current_law,2026 Trustees Report intermediate assumptions: income-rate share of taxable payroll attributable to taxation of benefits,"CMS 2026 Medicare Trustees expanded tables, annual through 2100",2026 Trustees current-law TOB baseline (OBBBA native),TR2026 intermediate assumptions carry OBBBA in current law; values are the raw Trustees/CMS series with no bridge.,crfb_tr2026_current_law_tob_75y,calibration_target,e85e06cf794a849b23adc42ca44a4b7c9ecefa5935e7f53194db7f6b28c48483,data/ssa_tob_baseline_75year.manifest.json,147.608000000,113.047000000,260.655000000,0.391660178,0.008000147,0.399660325,raw_microsim_differs_from_target,18451.000000000,51197.000000000,23118.441564000,1.414853722,0.802122704,0.489025179,9.596165822,0.399660325,Direct full-H5 microsimulation aggregate; generated post-OBBBA TOB baseline retained as a reference target,No post-hoc TOB calibration is applied to dashboard results. OASDI and HI target gaps are reported separately for review.,trustees-2025-core-thresholds-v1
2039,5113.059705304,154.469280222,119.101000185,273.570280406,154.469280222,119.101000185,273.570280406,155.090700000,119.064000000,274.154700000,0.000000000,current_law,2026 Trustees Report intermediate assumptions: income-rate share of taxable payroll attributable to taxation of benefits,"CMS 2026 Medicare Trustees expanded tables, annual through 2100",2026 Trustees current-law TOB baseline (OBBBA native),TR2026 intermediate assumptions carry OBBBA in current law; values are the raw Trustees/CMS series with no bridge.,crfb_tr2026_current_law_tob_75y,calibration_target,e85e06cf794a849b23adc42ca44a4b7c9ecefa5935e7f53194db7f6b28c48483,data/ssa_tob_baseline_75year.manifest.json,155.090700000,119.064000000,274.154700000,-0.621419778,0.037000185,-0.584419594,raw_microsim_differs_from_target,19147.000000000,53202.000000000,23991.781109000,1.428789264,0.806754480,0.496424170,9.610653181,-0.584419594,Direct full-H5 microsimulation aggregate; generated post-OBBBA TOB baseline retained as a reference target,No post-hoc TOB calibration is applied to dashboard results. OASDI and HI target gaps are reported separately for review.,trustees-2025-core-thresholds-v1
2040,5313.170394570,160.938900265,125.147000222,286.085900487,160.938900265,125.147000222,286.085900487,160.938900000,125.147000000,286.085900000,0.000000000,current_law,2026 Trustees Report intermediate assumptions: income-rate share of taxable payroll attributable to taxation of benefits,"CMS 2026 Medicare Trustees expanded tables, annual through 2100",2026 Trustees current-law TOB baseline (OBBBA native),TR2026 intermediate assumptions carry OBBBA in current law; values are the raw Trustees/CMS series with no bridge.,crfb_tr2026_current_law_tob_75y,calibration_target,e85e06cf794a849b23adc42ca44a4b7c9ecefa5935e7f53194db7f6b28c48483,data/ssa_tob_baseline_75year.manifest.json,160.938900000,125.147000000,286.085900000,0.000000265,0.000000222,0.000000487,aligned,19869.000000000,55285.000000000,24897.066515000,1.439860589,0.810000001,0.502657613,9.610509893,0.000000487,Direct full-H5 microsimulation aggregate; generated post-OBBBA TOB baseline retained as a reference target,No post-hoc TOB calibration is applied to dashboard results. OASDI and HI target gaps are reported separately for review.,trustees-2025-core-thresholds-v1
2041,5548.810791062,168.798960185,131.736000147,300.534960333,168.798960185,131.736000147,300.534960333,169.018400000,131.322000000,300.340400000,0.000000000,current_law,2026 Trustees Report intermediate assumptions: income-rate share of taxable payroll attributable to taxation of benefits,"CMS 2026 Medicare Trustees expanded tables, annual through 2100",2026 Trustees current-law TOB baseline (OBBBA native),TR2026 intermediate assumptions carry OBBBA in current law; values are the raw Trustees/CMS series with no bridge.,crfb_tr2026_current_law_tob_75y,calibration_target,e85e06cf794a849b23adc42ca44a4b7c9ecefa5935e7f53194db7f6b28c48483,data/ssa_tob_baseline_75year.manifest.json,169.018400000,131.322000000,300.340400000,-0.219439815,0.414000147,0.194560333,raw_microsim_differs_from_target,20612.000000000,57435.000000000,25828.966452000,1.458058220,0.818935378,0.510032023,9.661026884,0.194560333,Direct full-H5 microsimulation aggregate; generated post-OBBBA TOB baseline retained as a reference target,No post-hoc TOB calibration is applied to dashboard results. OASDI and HI target gaps are reported separately for review.,trustees-2025-core-thresholds-v1
2042,5784.451187554,176.659020106,138.325000073,314.984020179,176.659020106,138.325000073,314.984020179,175.332400000,137.652000000,312.984400000,0.000000000,current_law,2026 Trustees Report intermediate assumptions: income-rate share of taxable payroll attributable to taxation of benefits,"CMS 2026 Medicare Trustees expanded tables, annual through 2100",2026 Trustees current-law TOB baseline (OBBBA native),TR2026 intermediate assumptions carry OBBBA in current law; values are the raw Trustees/CMS series with no bridge.,crfb_tr2026_current_law_tob_75y,calibration_target,e85e06cf794a849b23adc42ca44a4b7c9ecefa5935e7f53194db7f6b28c48483,data/ssa_tob_baseline_75year.manifest.json,175.332400000,137.652000000,312.984400000,1.326620106,0.673000073,1.999620179,raw_microsim_differs_from_target,21382.000000000,59666.000000000,26794.907937000,1.473127024,0.826204378,0.516236146,9.694719250,1.999620179,Direct full-H5 microsimulation aggregate; generated post-OBBBA TOB baseline retained as a reference target,No post-hoc TOB calibration is applied to dashboard results. OASDI and HI target gaps are reported separately for review.,trustees-2025-core-thresholds-v1
2043,6020.091584046,184.519080026,144.913999998,329.433080025,184.519080026,144.913999998,329.433080025,184.060800000,144.215000000,328.275800000,0.000000000,current_law,2026 Trustees Report intermediate assumptions: income-rate share of taxable payroll attributable to taxation of benefits,"CMS 2026 Medicare Trustees expanded tables, annual through 2100",2026 Trustees current-law TOB baseline (OBBBA native),TR2026 intermediate assumptions carry OBBBA in current law; values are the raw Trustees/CMS series with no bridge.,crfb_tr2026_current_law_tob_75y,calibration_target,e85e06cf794a849b23adc42ca44a4b7c9ecefa5935e7f53194db7f6b28c48483,data/ssa_tob_baseline_75year.manifest.json,184.060800000,144.215000000,328.275800000,0.458280026,0.698999998,1.157280025,raw_microsim_differs_from_target,22176.000000000,61972.000000000,27791.056057000,1.485538781,0.832066559,0.521441142,9.714212199,1.157280025,Direct full-H5 microsimulation aggregate; generated post-OBBBA TOB baseline retained as a reference target,No post-hoc TOB calibration is applied to dashboard results. OASDI and HI target gaps are reported separately for review.,trustees-2025-core-thresholds-v1
2044,6255.731980538,192.379139947,151.502999924,343.882139871,192.379139947,151.502999924,343.882139871,190.841900000,151.022000000,341.863900000,0.000000000,current_law,2026 Trustees Report intermediate assumptions: income-rate share of taxable payroll attributable to taxation of benefits,"CMS 2026 Medicare Trustees expanded tables, annual through 2100",2026 Trustees current-law TOB baseline (OBBBA native),TR2026 intermediate assumptions carry OBBBA in current law; values are the raw Trustees/CMS series with no bridge.,crfb_tr2026_current_law_tob_75y,calibration_target,e85e06cf794a849b23adc42ca44a4b7c9ecefa5935e7f53194db7f6b28c48483,data/ssa_tob_baseline_75year.manifest.json,190.841900000,151.022000000,341.863900000,1.537239947,0.480999924,2.018239871,raw_microsim_differs_from_target,22993.000000000,64347.000000000,28815.735424000,1.495594920,0.836685687,0.525764822,9.721870453,2.018239871,Direct full-H5 microsimulation aggregate; generated post-OBBBA TOB baseline retained as a reference target,No post-hoc TOB calibration is applied to dashboard results. OASDI and HI target gaps are reported separately for review.,trustees-2025-core-thresholds-v1
2045,6491.372377030,200.239199867,158.091999849,358.331199717,200.239199867,158.091999849,358.331199717,200.239200000,158.092000000,358.331200000,0.000000000,current_law,2026 Trustees Report intermediate assumptions: income-rate share of taxable payroll attributable to taxation of benefits,"CMS 2026 Medicare Trustees expanded tables, annual through 2100",2026 Trustees current-law TOB baseline (OBBBA native),TR2026 intermediate assumptions carry OBBBA in current law; values are the raw Trustees/CMS series with no bridge.,crfb_tr2026_current_law_tob_75y,calibration_target,e85e06cf794a849b23adc42ca44a4b7c9ecefa5935e7f53194db7f6b28c48483,data/ssa_tob_baseline_75year.manifest.json,200.239200000,158.092000000,358.331200000,-0.000000133,-0.000000151,-0.000000283,aligned,23838.000000000,66806.000000000,29876.122707000,1.503193220,0.839999999,0.529158356,9.716750557,-0.000000283,Direct full-H5 microsimulation aggregate; generated post-OBBBA TOB baseline retained as a reference target,No post-hoc TOB calibration is applied to dashboard results. OASDI and HI target gaps are reported separately for review.,trustees-2025-core-thresholds-v1
2046,6784.619128784,209.228559909,165.886199903,375.114759813,209.228559909,165.886199903,375.114759813,207.572400000,165.326000000,372.898400000,0.000000000,current_law,2026 Trustees Report intermediate assumptions: income-rate share of taxable payroll attributable to taxation of benefits,"CMS 2026 Medicare Trustees expanded tables, annual through 2100",2026 Trustees current-law TOB baseline (OBBBA native),TR2026 intermediate assumptions carry OBBBA in current law; values are the raw Trustees/CMS series with no bridge.,crfb_tr2026_current_law_tob_75y,calibration_target,e85e06cf794a849b23adc42ca44a4b7c9ecefa5935e7f53194db7f6b28c48483,data/ssa_tob_baseline_75year.manifest.json,207.572400000,165.326000000,372.898400000,1.656159909,0.560199903,2.216359813,raw_microsim_differs_from_target,24711.000000000,69351.000000000,30971.157148000,1.518007203,0.846702116,0.535615118,9.783015571,2.216359813,Direct full-H5 microsimulation aggregate; generated post-OBBBA TOB baseline retained as a reference target,No post-hoc TOB calibration is applied to dashboard results. OASDI and HI target gaps are reported separately for review.,trustees-2025-core-thresholds-v1
2047,7077.865880538,218.217919950,173.680399957,391.898319909,218.217919950,173.680399957,391.898319909,215.149200000,172.744000000,387.893200000,0.000000000,current_law,2026 Trustees Report intermediate assumptions: income-rate share of taxable payroll attributable to taxation of benefits,"CMS 2026 Medicare Trustees expanded tables, annual through 2100",2026 Trustees current-law TOB baseline (OBBBA native),TR2026 intermediate assumptions carry OBBBA in current law; values are the raw Trustees/CMS series with no bridge.,crfb_tr2026_current_law_tob_75y,calibration_target,e85e06cf794a849b23adc42ca44a4b7c9ecefa5935e7f53194db7f6b28c48483,data/ssa_tob_baseline_75year.manifest.json,215.149200000,172.744000000,387.893200000,3.068719950,0.936399957,4.005119909,raw_microsim_differs_from_target,25613.000000000,71986.000000000,32103.421017000,1.530075821,0.851981103,0.541002779,9.832281111,4.005119909,Direct full-H5 microsimulation aggregate; generated post-OBBBA TOB baseline retained as a reference target,No post-hoc TOB calibration is applied to dashboard results. OASDI and HI target gaps are reported separately for review.,trustees-2025-core-thresholds-v1
2048,7371.112632292,227.207279992,181.474600012,408.681880004,227.207279992,181.474600012,408.681880004,225.649500000,180.515000000,406.164500000,0.000000000,current_law,2026 Trustees Report intermediate assumptions: income-rate share of taxable payroll attributable to taxation of benefits,"CMS 2026 Medicare Trustees expanded tables, annual through 2100",2026 Trustees current-law TOB baseline (OBBBA native),TR2026 intermediate assumptions carry OBBBA in current law; values are the raw Trustees/CMS series with no bridge.,crfb_tr2026_current_law_tob_75y,calibration_target,e85e06cf794a849b23adc42ca44a4b7c9ecefa5935e7f53194db7f6b28c48483,data/ssa_tob_baseline_75year.manifest.json,225.649500000,180.515000000,406.164500000,1.557779992,0.959600012,2.517380004,raw_microsim_differs_from_target,26547.000000000,74716.000000000,33275.286118000,1.539465401,0.855868008,0.545373522,9.865507565,2.517380004,Direct full-H5 microsimulation aggregate; generated post-OBBBA TOB baseline retained as a reference target,No post-hoc TOB calibration is applied to dashboard results. OASDI and HI target gaps are reported separately for review.,trustees-2025-core-thresholds-v1
2049,7664.359384046,236.196640033,189.268800066,425.465440100,236.196640033,189.268800066,425.465440100,233.852000000,188.611000000,422.463000000,0.000000000,current_law,2026 Trustees Report intermediate assumptions: income-rate share of taxable payroll attributable to taxation of benefits,"CMS 2026 Medicare Trustees expanded tables, annual through 2100",2026 Trustees current-law TOB baseline (OBBBA native),TR2026 intermediate assumptions carry OBBBA in current law; values are the raw Trustees/CMS series with no bridge.,crfb_tr2026_current_law_tob_75y,calibration_target,e85e06cf794a849b23adc42ca44a4b7c9ecefa5935e7f53194db7f6b28c48483,data/ssa_tob_baseline_75year.manifest.json,233.852000000,188.611000000,422.463000000,2.344640033,0.657800066,3.002440100,raw_microsim_differs_from_target,27512.000000000,77542.000000000,34486.260212000,1.546472231,0.858522245,0.548823789,9.884139414,3.002440100,Direct full-H5 microsimulation aggregate; generated post-OBBBA TOB baseline retained as a reference target,No post-hoc TOB calibration is applied to dashboard results. OASDI and HI target gaps are reported separately for review.,trustees-2025-core-thresholds-v1
2050,7957.606135800,245.186000075,197.063000120,442.249000196,245.186000075,197.063000120,442.249000196,245.186000000,197.063000000,442.249000000,0.000000000,current_law,2026 Trustees Report intermediate assumptions: income-rate share of taxable payroll attributable to taxation of benefits,"CMS 2026 Medicare Trustees expanded tables, annual through 2100",2026 Trustees current-law TOB baseline (OBBBA native),TR2026 intermediate assumptions carry OBBBA in current law; values are the raw Trustees/CMS series with no bridge.,crfb_tr2026_current_law_tob_75y,calibration_target,e85e06cf794a849b23adc42ca44a4b7c9ecefa5935e7f53194db7f6b28c48483,data/ssa_tob_baseline_75year.manifest.json,245.186000000,197.063000000,442.249000000,0.000000075,0.000000120,0.000000196,aligned,28510.000000000,80467.000000000,35737.554989000,1.551206595,0.860000000,0.551417130,9.889279004,0.000000196,Direct full-H5 microsimulation aggregate; generated post-OBBBA TOB baseline retained as a reference target,No post-hoc TOB calibration is applied to dashboard results. OASDI and HI target gaps are reported separately for review.,trustees-2025-core-thresholds-v1
2051,8294.812546884,256.757799952,208.070400011,464.828199964,256.757799952,208.070400011,464.828199964,257.032800000,210.354000000,467.386800000,0.000000000,current_law,2026 Trustees Report intermediate assumptions: income-rate share of taxable payroll attributable to taxation of benefits,"CMS 2026 Medicare Trustees expanded tables, annual through 2100",2026 Trustees current-law TOB baseline (OBBBA native),TR2026 intermediate assumptions carry OBBBA in current law; values are the raw Trustees/CMS series with no bridge.,crfb_tr2026_current_law_tob_75y,calibration_target,e85e06cf794a849b23adc42ca44a4b7c9ecefa5935e7f53194db7f6b28c48483,data/ssa_tob_baseline_75year.manifest.json,257.032800000,210.354000000,467.386800000,-0.275000048,-2.283599989,-2.558600036,raw_microsim_differs_from_target,29544.000000000,83504.000000000,37035.048350000,1.573342134,0.869069185,0.561820247,9.933431389,-2.558600036,Direct full-H5 microsimulation aggregate; generated post-OBBBA TOB baseline retained as a reference target,No post-hoc TOB calibration is applied to dashboard results. OASDI and HI target gaps are reported separately for review.,trustees-2025-core-thresholds-v1
2052,8632.018957968,268.329599829,219.077799902,487.407399732,268.329599829,219.077799902,487.407399732,266.298300000,219.986000000,486.284300000,0.000000000,current_law,2026 Trustees Report intermediate assumptions: income-rate share of taxable payroll attributable to taxation of benefits,"CMS 2026 Medicare Trustees expanded tables, annual through 2100",2026 Trustees current-law TOB baseline (OBBBA native),TR2026 intermediate assumptions carry OBBBA in current law; values are the raw Trustees/CMS series with no bridge.,crfb_tr2026_current_law_tob_75y,calibration_target,e85e06cf794a849b23adc42ca44a4b7c9ecefa5935e7f53194db7f6b28c48483,data/ssa_tob_baseline_75year.manifest.json,266.298300000,219.986000000,486.284300000,2.031299829,-0.908200098,1.123099732,raw_microsim_differs_from_target,30609.000000000,86638.000000000,38372.301227000,1.592366297,0.876636283,0.570926926,9.963317433,1.123099732,Direct full-H5 microsimulation aggregate; generated post-OBBBA TOB baseline retained as a reference target,No post-hoc TOB calibration is applied to dashboard results. OASDI and HI target gaps are reported separately for review.,trustees-2025-core-thresholds-v1
2053,8969.225369052,279.901399707,230.085199794,509.986599501,279.901399707,230.085199794,509.986599501,279.100800000,230.184000000,509.284800000,0.000000000,current_law,2026 Trustees Report intermediate assumptions: income-rate share of taxable payroll attributable to taxation of benefits,"CMS 2026 Medicare Trustees expanded tables, annual through 2100",2026 Trustees current-law TOB baseline (OBBBA native),TR2026 intermediate assumptions carry OBBBA in current law; values are the raw Trustees/CMS series with no bridge.,crfb_tr2026_current_law_tob_75y,calibration_target,e85e06cf794a849b23adc42ca44a4b7c9ecefa5935e7f53194db7f6b28c48483,data/ssa_tob_baseline_75year.manifest.json,279.100800000,230.184000000,509.284800000,0.800599707,-0.098800206,0.701799501,raw_microsim_differs_from_target,31716.000000000,89900.000000000,39760.027474000,1.607978937,0.882524277,0.578684710,9.976891401,0.701799501,Direct full-H5 microsimulation aggregate; generated post-OBBBA TOB baseline retained as a reference target,No post-hoc TOB calibration is applied to dashboard results. OASDI and HI target gaps are reported separately for review.,trustees-2025-core-thresholds-v1
2054,9306.431780136,291.473199584,241.092599685,532.565799269,291.473199584,241.092599685,532.565799269,292.480700000,240.846000000,533.326700000,0.000000000,current_law,2026 Trustees Report intermediate assumptions: income-rate share of taxable payroll attributable to taxation of benefits,"CMS 2026 Medicare Trustees expanded tables, annual through 2100",2026 Trustees current-law TOB baseline (OBBBA native),TR2026 intermediate assumptions carry OBBBA in current law; values are the raw Trustees/CMS series with no bridge.,crfb_tr2026_current_law_tob_75y,calibration_target,e85e06cf794a849b23adc42ca44a4b7c9ecefa5935e7f53194db7f6b28c48483,data/ssa_tob_baseline_75year.manifest.json,292.480700000,240.846000000,533.326700000,-1.007500416,0.246599685,-0.760900731,raw_microsim_differs_from_target,32863.000000000,93287.000000000,41199.954871000,1.620563549,0.886934241,0.585176854,9.976129343,-0.760900731,Direct full-H5 microsimulation aggregate; generated post-OBBBA TOB baseline retained as a reference target,No post-hoc TOB calibration is applied to dashboard results. OASDI and HI target gaps are reported separately for review.,trustees-2025-core-thresholds-v1
2055,9643.638191220,303.044999461,252.099999576,555.144999037,303.044999461,252.099999576,555.144999037,303.045000000,252.100000000,555.145000000,0.000000000,current_law,2026 Trustees Report intermediate assumptions: income-rate share of taxable payroll attributable to taxation of benefits,"CMS 2026 Medicare Trustees expanded tables, annual through 2100",2026 Trustees current-law TOB baseline (OBBBA native),TR2026 intermediate assumptions carry OBBBA in current law; values are the raw Trustees/CMS series with no bridge.,crfb_tr2026_current_law_tob_75y,calibration_target,e85e06cf794a849b23adc42ca44a4b7c9ecefa5935e7f53194db7f6b28c48483,data/ssa_tob_baseline_75year.manifest.json,303.045000000,252.100000000,555.145000000,-0.000000539,-0.000000424,-0.000000963,aligned,34050.000000000,96796.000000000,42689.306415000,1.630381789,0.889999998,0.590546019,9.962847836,-0.000000963,Direct full-H5 microsimulation aggregate; generated post-OBBBA TOB baseline retained as a reference target,No post-hoc TOB calibration is applied to dashboard results. OASDI and HI target gaps are reported separately for review.,trustees-2025-core-thresholds-v1
2056,10025.384303356,318.955759404,265.204000010,584.159759414,318.955759404,265.204000010,584.159759414,317.556000000,264.035000000,581.591000000,0.000000000,current_law,2026 Trustees Report intermediate assumptions: income-rate share of taxable payroll attributable to taxation of benefits,"CMS 2026 Medicare Trustees expanded tables, annual through 2100",2026 Trustees current-law TOB baseline (OBBBA native),TR2026 intermediate assumptions carry OBBBA in current law; values are the raw Trustees/CMS series with no bridge.,crfb_tr2026_current_law_tob_75y,calibration_target,e85e06cf794a849b23adc42ca44a4b7c9ecefa5935e7f53194db7f6b28c48483,data/ssa_tob_baseline_75year.manifest.json,317.556000000,264.035000000,581.591000000,1.399759404,1.169000010,2.568759414,raw_microsim_differs_from_target,35284.000000000,100446.000000000,44238.006101000,1.655593922,0.903967122,0.599493565,9.980869625,2.568759414,Direct full-H5 microsimulation aggregate; generated post-OBBBA TOB baseline retained as a reference target,No post-hoc TOB calibration is applied to dashboard results. OASDI and HI target gaps are reported separately for review.,trustees-2025-core-thresholds-v1
2057,10407.130415492,334.866519346,278.308000445,613.174519791,334.866519346,278.308000445,613.174519791,332.750600000,276.584000000,609.334600000,0.000000000,current_law,2026 Trustees Report intermediate assumptions: income-rate share of taxable payroll attributable to taxation of benefits,"CMS 2026 Medicare Trustees expanded tables, annual through 2100",2026 Trustees current-law TOB baseline (OBBBA native),TR2026 intermediate assumptions carry OBBBA in current law; values are the raw Trustees/CMS series with no bridge.,crfb_tr2026_current_law_tob_75y,calibration_target,e85e06cf794a849b23adc42ca44a4b7c9ecefa5935e7f53194db7f6b28c48483,data/ssa_tob_baseline_75year.manifest.json,332.750600000,276.584000000,609.334600000,2.115919346,1.724000445,3.839919791,raw_microsim_differs_from_target,36566.000000000,104238.000000000,45847.335381000,1.676897992,0.915786576,0.607032008,9.984008150,3.839919791,Direct full-H5 microsimulation aggregate; generated post-OBBBA TOB baseline retained as a reference target,No post-hoc TOB calibration is applied to dashboard results. OASDI and HI target gaps are reported separately for review.,trustees-2025-core-thresholds-v1
2058,10788.876527628,350.777279289,291.412000879,642.189280168,350.777279289,291.412000879,642.189280168,348.643200000,289.710000000,638.353200000,0.000000000,current_law,2026 Trustees Report intermediate assumptions: income-rate share of taxable payroll attributable to taxation of benefits,"CMS 2026 Medicare Trustees expanded tables, annual through 2100",2026 Trustees current-law TOB baseline (OBBBA native),TR2026 intermediate assumptions carry OBBBA in current law; values are the raw Trustees/CMS series with no bridge.,crfb_tr2026_current_law_tob_75y,calibration_target,e85e06cf794a849b23adc42ca44a4b7c9ecefa5935e7f53194db7f6b28c48483,data/ssa_tob_baseline_75year.manifest.json,348.643200000,289.710000000,638.353200000,2.134079289,1.702000879,3.836080168,raw_microsim_differs_from_target,37896.000000000,108177.000000000,47516.132873000,1.694609669,0.925631410,0.613290652,9.973355267,3.836080168,Direct full-H5 microsimulation aggregate; generated post-OBBBA TOB baseline retained as a reference target,No post-hoc TOB calibration is applied to dashboard results. OASDI and HI target gaps are reported separately for review.,trustees-2025-core-thresholds-v1
2059,11170.622639764,366.688039231,304.516001314,671.204040545,366.688039231,304.516001314,671.204040545,365.238900000,303.409000000,668.647900000,0.000000000,current_law,2026 Trustees Report intermediate assumptions: income-rate share of taxable payroll attributable to taxation of benefits,"CMS 2026 Medicare Trustees expanded tables, annual through 2100",2026 Trustees current-law TOB baseline (OBBBA native),TR2026 intermediate assumptions carry OBBBA in current law; values are the raw Trustees/CMS series with no bridge.,crfb_tr2026_current_law_tob_75y,calibration_target,e85e06cf794a849b23adc42ca44a4b7c9ecefa5935e7f53194db7f6b28c48483,data/ssa_tob_baseline_75year.manifest.json,365.238900000,303.409000000,668.647900000,1.449139231,1.107001314,2.556140545,raw_microsim_differs_from_target,39273.000000000,112260.000000000,49244.130572000,1.709072494,0.933689912,0.618380298,9.950670443,2.556140545,Direct full-H5 microsimulation aggregate; generated post-OBBBA TOB baseline retained as a reference target,No post-hoc TOB calibration is applied to dashboard results. OASDI and HI target gaps are reported separately for review.,trustees-2025-core-thresholds-v1
2060,11552.368751900,382.598799174,317.620001748,700.218800922,382.598799174,317.620001748,700.218800922,382.598800000,317.620000000,700.218800000,0.000000000,current_law,2026 Trustees Report intermediate assumptions: income-rate share of taxable payroll attributable to taxation of benefits,"CMS 2026 Medicare Trustees expanded tables, annual through 2100",2026 Trustees current-law TOB baseline (OBBBA native),TR2026 intermediate assumptions carry OBBBA in current law; values are the raw Trustees/CMS series with no bridge.,crfb_tr2026_current_law_tob_75y,calibration_target,e85e06cf794a849b23adc42ca44a4b7c9ecefa5935e7f53194db7f6b28c48483,data/ssa_tob_baseline_75year.manifest.json,382.598800000,317.620000000,700.218800000,-0.000000826,0.000001748,0.000000922,raw_microsim_differs_from_target,40702.000000000,116502.000000000,51038.157105000,1.720354776,0.939999998,0.622318712,9.916026121,0.000000922,Direct full-H5 microsimulation aggregate; generated post-OBBBA TOB baseline retained as a reference target,No post-hoc TOB calibration is applied to dashboard results. OASDI and HI target gaps are reported separately for review.,trustees-2025-core-thresholds-v1
2061,12008.961450608,400.460039202,333.426201980,733.886241182,400.460039202,333.426201980,733.886241182,400.757500000,332.352000000,733.109500000,0.000000000,current_law,2026 Trustees Report intermediate assumptions: income-rate share of taxable payroll attributable to taxation of benefits,"CMS 2026 Medicare Trustees expanded tables, annual through 2100",2026 Trustees current-law TOB baseline (OBBBA native),TR2026 intermediate assumptions carry OBBBA in current law; values are the raw Trustees/CMS series with no bridge.,crfb_tr2026_current_law_tob_75y,calibration_target,e85e06cf794a849b23adc42ca44a4b7c9ecefa5935e7f53194db7f6b28c48483,data/ssa_tob_baseline_75year.manifest.json,400.757500000,332.352000000,733.109500000,-0.297460798,1.074201980,0.776741182,raw_microsim_differs_from_target,42185.000000000,120906.000000000,52898.948736000,1.739685294,0.949294866,0.630307804,9.932477669,0.776741182,Direct full-H5 microsimulation aggregate; generated post-OBBBA TOB baseline retained as a reference target,No post-hoc TOB calibration is applied to dashboard results. OASDI and HI target gaps are reported separately for review.,trustees-2025-core-thresholds-v1
2062,12465.554149315,418.321279231,349.232402211,767.553681442,418.321279231,349.232402211,767.553681442,415.330500000,347.562000000,762.892500000,0.000000000,current_law,2026 Trustees Report intermediate assumptions: income-rate share of taxable payroll attributable to taxation of benefits,"CMS 2026 Medicare Trustees expanded tables, annual through 2100",2026 Trustees current-law TOB baseline (OBBBA native),TR2026 intermediate assumptions carry OBBBA in current law; values are the raw Trustees/CMS series with no bridge.,crfb_tr2026_current_law_tob_75y,calibration_target,e85e06cf794a849b23adc42ca44a4b7c9ecefa5935e7f53194db7f6b28c48483,data/ssa_tob_baseline_75year.manifest.json,415.330500000,347.562000000,762.892500000,2.990779231,1.670402211,4.661181442,raw_microsim_differs_from_target,43719.000000000,125469.000000000,54824.701533000,1.755652420,0.956840914,0.636998273,9.935166574,4.661181442,Direct full-H5 microsimulation aggregate; generated post-OBBBA TOB baseline retained as a reference target,No post-hoc TOB calibration is applied to dashboard results. OASDI and HI target gaps are reported separately for review.,trustees-2025-core-thresholds-v1
2063,12956.796230777,436.182519259,365.038602443,801.221121702,436.182519259,365.038602443,801.221121702,434.947200000,363.346000000,798.293200000,0.000000000,current_law,2026 Trustees Report intermediate assumptions: income-rate share of taxable payroll attributable to taxation of benefits,"CMS 2026 Medicare Trustees expanded tables, annual through 2100",2026 Trustees current-law TOB baseline (OBBBA native),TR2026 intermediate assumptions carry OBBBA in current law; values are the raw Trustees/CMS series with no bridge.,crfb_tr2026_current_law_tob_75y,calibration_target,e85e06cf794a849b23adc42ca44a4b7c9ecefa5935e7f53194db7f6b28c48483,data/ssa_tob_baseline_75year.manifest.json,434.947200000,363.346000000,798.293200000,1.235319259,1.692602443,2.927921702,raw_microsim_differs_from_target,45307.000000000,130195.000000000,56817.129631000,1.768426781,0.962726553,0.642479838,9.951838574,2.927921702,Direct full-H5 microsimulation aggregate; generated post-OBBBA TOB baseline retained as a reference target,No post-hoc TOB calibration is applied to dashboard results. OASDI and HI target gaps are reported separately for review.,trustees-2025-core-thresholds-v1
2064,13448.038312238,454.043759288,380.844802674,834.888561962,454.043759288,380.844802674,834.888561962,455.424700000,379.623000000,835.047700000,0.000000000,current_law,2026 Trustees Report intermediate assumptions: income-rate share of taxable payroll attributable to taxation of benefits,"CMS 2026 Medicare Trustees expanded tables, annual through 2100",2026 Trustees current-law TOB baseline (OBBBA native),TR2026 intermediate assumptions carry OBBBA in current law; values are the raw Trustees/CMS series with no bridge.,crfb_tr2026_current_law_tob_75y,calibration_target,e85e06cf794a849b23adc42ca44a4b7c9ecefa5935e7f53194db7f6b28c48483,data/ssa_tob_baseline_75year.manifest.json,455.424700000,379.623000000,835.047700000,-1.380940712,1.221802674,-0.159138038,raw_microsim_differs_from_target,46951.000000000,135095.000000000,58881.046994000,1.778212524,0.967058762,0.646803721,9.954504839,-0.159138038,Direct full-H5 microsimulation aggregate; generated post-OBBBA TOB baseline retained as a reference target,No post-hoc TOB calibration is applied to dashboard results. OASDI and HI target gaps are reported separately for review.,trustees-2025-core-thresholds-v1
2065,13939.280393700,471.904999316,396.651002906,868.556002222,471.904999316,396.651002906,868.556002222,471.905000000,396.651000000,868.556000000,0.000000000,current_law,2026 Trustees Report intermediate assumptions: income-rate share of taxable payroll attributable to taxation of benefits,"CMS 2026 Medicare Trustees expanded tables, annual through 2100",2026 Trustees current-law TOB baseline (OBBBA native),TR2026 intermediate assumptions carry OBBBA in current law; values are the raw Trustees/CMS series with no bridge.,crfb_tr2026_current_law_tob_75y,calibration_target,e85e06cf794a849b23adc42ca44a4b7c9ecefa5935e7f53194db7f6b28c48483,data/ssa_tob_baseline_75year.manifest.json,471.905000000,396.651000000,868.556000000,-0.000000684,0.000002906,0.000002222,raw_microsim_differs_from_target,48650.000000000,140165.000000000,61013.706923000,1.785315524,0.969999999,0.650101466,9.944908068,0.000002222,Direct full-H5 microsimulation aggregate; generated post-OBBBA TOB baseline retained as a reference target,No post-hoc TOB calibration is applied to dashboard results. OASDI and HI target gaps are reported separately for review.,trustees-2025-core-thresholds-v1
2066,14533.999541240,494.768838986,415.788001853,910.556840838,494.768838986,415.788001853,910.556840838,494.018000000,414.247000000,908.265000000,0.000000000,current_law,2026 Trustees Report intermediate assumptions: income-rate share of taxable payroll attributable to taxation of benefits,"CMS 2026 Medicare Trustees expanded tables, annual through 2100",2026 Trustees current-law TOB baseline (OBBBA native),TR2026 intermediate assumptions carry OBBBA in current law; values are the raw Trustees/CMS series with no bridge.,crfb_tr2026_current_law_tob_75y,calibration_target,e85e06cf794a849b23adc42ca44a4b7c9ecefa5935e7f53194db7f6b28c48483,data/ssa_tob_baseline_75year.manifest.json,494.018000000,414.247000000,908.265000000,0.750838986,1.541001853,2.291840838,raw_microsim_differs_from_target,50410.000000000,145419.000000000,63222.772899000,1.806302005,0.981489464,0.657655435,9.994567107,2.291840838,Direct full-H5 microsimulation aggregate; generated post-OBBBA TOB baseline retained as a reference target,No post-hoc TOB calibration is applied to dashboard results. OASDI and HI target gaps are reported separately for review.,trustees-2025-core-thresholds-v1
2067,15128.718688780,517.632678656,434.925000799,952.557679453,517.632678656,434.925000799,952.557679453,517.067100000,432.680000000,949.747100000,0.000000000,current_law,2026 Trustees Report intermediate assumptions: income-rate share of taxable payroll attributable to taxation of benefits,"CMS 2026 Medicare Trustees expanded tables, annual through 2100",2026 Trustees current-law TOB baseline (OBBBA native),TR2026 intermediate assumptions carry OBBBA in current law; values are the raw Trustees/CMS series with no bridge.,crfb_tr2026_current_law_tob_75y,calibration_target,e85e06cf794a849b23adc42ca44a4b7c9ecefa5935e7f53194db7f6b28c48483,data/ssa_tob_baseline_75year.manifest.json,517.067100000,432.680000000,949.747100000,0.565578656,2.245000799,2.810579453,raw_microsim_differs_from_target,52229.000000000,150858.000000000,65506.272872000,1.823809913,0.991082882,0.663944050,10.028449727,2.810579453,Direct full-H5 microsimulation aggregate; generated post-OBBBA TOB baseline retained as a reference target,No post-hoc TOB calibration is applied to dashboard results. OASDI and HI target gaps are reported separately for review.,trustees-2025-core-thresholds-v1
2068,15723.437836320,540.496518326,454.061999746,994.558518069,540.496518326,454.061999746,994.558518069,541.060000000,451.733000000,992.793000000,0.000000000,current_law,2026 Trustees Report intermediate assumptions: income-rate share of taxable payroll attributable to taxation of benefits,"CMS 2026 Medicare Trustees expanded tables, annual through 2100",2026 Trustees current-law TOB baseline (OBBBA native),TR2026 intermediate assumptions carry OBBBA in current law; values are the raw Trustees/CMS series with no bridge.,crfb_tr2026_current_law_tob_75y,calibration_target,e85e06cf794a849b23adc42ca44a4b7c9ecefa5935e7f53194db7f6b28c48483,data/ssa_tob_baseline_75year.manifest.json,541.060000000,451.733000000,992.793000000,-0.563481674,2.328999746,1.765518069,raw_microsim_differs_from_target,54106.000000000,156478.000000000,67862.050567000,1.838166780,0.998958560,0.669095608,10.048337681,1.765518069,Direct full-H5 microsimulation aggregate; generated post-OBBBA TOB baseline retained as a reference target,No post-hoc TOB calibration is applied to dashboard results. OASDI and HI target gaps are reported separately for review.,trustees-2025-core-thresholds-v1
2069,16318.156983860,563.360357996,473.198998692,1036.559356680,563.360357996,473.198998692,1036.559356680,560.430000000,471.542000000,1031.972000000,0.000000000,current_law,2026 Trustees Report intermediate assumptions: income-rate share of taxable payroll attributable to taxation of benefits,"CMS 2026 Medicare Trustees expanded tables, annual through 2100",2026 Trustees current-law TOB baseline (OBBBA native),TR2026 intermediate assumptions carry OBBBA in current law; values are the raw Trustees/CMS series with no bridge.,crfb_tr2026_current_law_tob_75y,calibration_target,e85e06cf794a849b23adc42ca44a4b7c9ecefa5935e7f53194db7f6b28c48483,data/ssa_tob_baseline_75year.manifest.json,560.430000000,471.542000000,1031.972000000,2.930357996,1.656998692,4.587356680,raw_microsim_differs_from_target,56043.000000000,162282.000000000,70293.887840000,1.849578639,1.005228767,0.673172324,10.055432509,4.587356680,Direct full-H5 microsimulation aggregate; generated post-OBBBA TOB baseline retained as a reference target,No post-hoc TOB calibration is applied to dashboard results. OASDI and HI target gaps are reported separately for review.,trustees-2025-core-thresholds-v1
2070,16912.876131400,586.224197666,492.335997639,1078.560195300,586.224197666,492.335997639,1078.560195300,586.224200000,492.336000000,1078.560200000,0.000000000,current_law,2026 Trustees Report intermediate assumptions: income-rate share of taxable payroll attributable to taxation of benefits,"CMS 2026 Medicare Trustees expanded tables, annual through 2100",2026 Trustees current-law TOB baseline (OBBBA native),TR2026 intermediate assumptions carry OBBBA in current law; values are the raw Trustees/CMS series with no bridge.,crfb_tr2026_current_law_tob_75y,calibration_target,e85e06cf794a849b23adc42ca44a4b7c9ecefa5935e7f53194db7f6b28c48483,data/ssa_tob_baseline_75year.manifest.json,586.224200000,492.336000000,1078.560200000,-0.000002334,-0.000002361,-0.000004700,raw_microsim_differs_from_target,58042.000000000,168283.000000000,72802.499959000,1.858240921,1.009999996,0.676262488,10.050258274,-0.000004700,Direct full-H5 microsimulation aggregate; generated post-OBBBA TOB baseline retained as a reference target,No post-hoc TOB calibration is applied to dashboard results. OASDI and HI target gaps are reported separately for review.,trustees-2025-core-thresholds-v1
2071,17548.833566620,614.072557934,515.577597869,1129.650155800,614.072557934,515.577597869,1129.650155800,613.101600000,513.868000000,1126.969600000,0.000000000,current_law,2026 Trustees Report intermediate assumptions: income-rate share of taxable payroll attributable to taxation of benefits,"CMS 2026 Medicare Trustees expanded tables, annual through 2100",2026 Trustees current-law TOB baseline (OBBBA native),TR2026 intermediate assumptions carry OBBBA in current law; values are the raw Trustees/CMS series with no bridge.,crfb_tr2026_current_law_tob_75y,calibration_target,e85e06cf794a849b23adc42ca44a4b7c9ecefa5935e7f53194db7f6b28c48483,data/ssa_tob_baseline_75year.manifest.json,613.101600000,513.868000000,1126.969600000,0.970957934,1.709597869,2.680555800,raw_microsim_differs_from_target,60108.000000000,174488.000000000,75396.955334000,1.879367398,1.021615356,0.683817530,10.057329769,2.680555800,Direct full-H5 microsimulation aggregate; generated post-OBBBA TOB baseline retained as a reference target,No post-hoc TOB calibration is applied to dashboard results. OASDI and HI target gaps are reported separately for review.,trustees-2025-core-thresholds-v1
2072,18184.791001840,641.920918202,538.819198100,1180.740116300,641.920918202,538.819198100,1180.740116300,641.092600000,536.122000000,1177.214600000,0.000000000,current_law,2026 Trustees Report intermediate assumptions: income-rate share of taxable payroll attributable to taxation of benefits,"CMS 2026 Medicare Trustees expanded tables, annual through 2100",2026 Trustees current-law TOB baseline (OBBBA native),TR2026 intermediate assumptions carry OBBBA in current law; values are the raw Trustees/CMS series with no bridge.,crfb_tr2026_current_law_tob_75y,calibration_target,e85e06cf794a849b23adc42ca44a4b7c9ecefa5935e7f53194db7f6b28c48483,data/ssa_tob_baseline_75year.manifest.json,641.092600000,536.122000000,1177.214600000,0.828318202,2.697198100,3.525516300,raw_microsim_differs_from_target,62242.000000000,180908.000000000,78075.621094000,1.897015064,1.031330803,0.690124767,10.051955138,3.525516300,Direct full-H5 microsimulation aggregate; generated post-OBBBA TOB baseline retained as a reference target,No post-hoc TOB calibration is applied to dashboard results. OASDI and HI target gaps are reported separately for review.,trustees-2025-core-thresholds-v1
2073,18820.748437060,669.769278470,562.060798330,1231.830076800,669.769278470,562.060798330,1231.830076800,663.804100000,559.487000000,1223.291100000,0.000000000,current_law,2026 Trustees Report intermediate assumptions: income-rate share of taxable payroll attributable to taxation of benefits,"CMS 2026 Medicare Trustees expanded tables, annual through 2100",2026 Trustees current-law TOB baseline (OBBBA native),TR2026 intermediate assumptions carry OBBBA in current law; values are the raw Trustees/CMS series with no bridge.,crfb_tr2026_current_law_tob_75y,calibration_target,e85e06cf794a849b23adc42ca44a4b7c9ecefa5935e7f53194db7f6b28c48483,data/ssa_tob_baseline_75year.manifest.json,663.804100000,559.487000000,1223.291100000,5.965178470,2.573798330,8.538976800,raw_microsim_differs_from_target,64447.000000000,187547.000000000,80843.283866000,1.911384668,1.039255944,0.695247362,10.035217005,8.538976800,Direct full-H5 microsimulation aggregate; generated post-OBBBA TOB baseline retained as a reference target,No post-hoc TOB calibration is applied to dashboard results. OASDI and HI target gaps are reported separately for review.,trustees-2025-core-thresholds-v1
2074,19456.705872280,697.617638738,585.302398561,1282.920037300,697.617638738,585.302398561,1282.920037300,693.981600000,583.636000000,1277.617600000,0.000000000,current_law,2026 Trustees Report intermediate assumptions: income-rate share of taxable payroll attributable to taxation of benefits,"CMS 2026 Medicare Trustees expanded tables, annual through 2100",2026 Trustees current-law TOB baseline (OBBBA native),TR2026 intermediate assumptions carry OBBBA in current law; values are the raw Trustees/CMS series with no bridge.,crfb_tr2026_current_law_tob_75y,calibration_target,e85e06cf794a849b23adc42ca44a4b7c9ecefa5935e7f53194db7f6b28c48483,data/ssa_tob_baseline_75year.manifest.json,693.981600000,583.636000000,1277.617600000,3.636038738,1.666398561,5.302437300,raw_microsim_differs_from_target,66729.000000000,194425.000000000,83709.438888000,1.922582441,1.045448963,0.699207170,10.007306608,5.302437300,Direct full-H5 microsimulation aggregate; generated post-OBBBA TOB baseline retained as a reference target,No post-hoc TOB calibration is applied to dashboard results. OASDI and HI target gaps are reported separately for review.,trustees-2025-core-thresholds-v1
2075,20092.663307500,725.465999006,608.543998791,1334.009997800,725.465999006,608.543998791,1334.009997800,725.466000000,608.544000000,1334.010000000,0.000000000,current_law,2026 Trustees Report intermediate assumptions: income-rate share of taxable payroll attributable to taxation of benefits,"CMS 2026 Medicare Trustees expanded tables, annual through 2100",2026 Trustees current-law TOB baseline (OBBBA native),TR2026 intermediate assumptions carry OBBBA in current law; values are the raw Trustees/CMS series with no bridge.,crfb_tr2026_current_law_tob_75y,calibration_target,e85e06cf794a849b23adc42ca44a4b7c9ecefa5935e7f53194db7f6b28c48483,data/ssa_tob_baseline_75year.manifest.json,725.466000000,608.544000000,1334.010000000,-0.000000994,-0.000001209,-0.000002200,raw_microsim_differs_from_target,69092.000000000,201552.000000000,86675.752599000,1.930773458,1.049999999,0.702092547,9.968972428,-0.000002200,Direct full-H5 microsimulation aggregate; generated post-OBBBA TOB baseline retained as a reference target,No post-hoc TOB calibration is applied to dashboard results. OASDI and HI target gaps are reported separately for review.,trustees-2025-core-thresholds-v1
2076,20909.043350060,756.357838714,635.414198750,1391.772037470,756.357838714,635.414198750,1391.772037470,751.117500000,634.063000000,1385.180500000,0.000000000,current_law,2026 Trustees Report intermediate assumptions: income-rate share of taxable payroll attributable to taxation of benefits,"CMS 2026 Medicare Trustees expanded tables, annual through 2100",2026 Trustees current-law TOB baseline (OBBBA native),TR2026 intermediate assumptions carry OBBBA in current law; values are the raw Trustees/CMS series with no bridge.,crfb_tr2026_current_law_tob_75y,calibration_target,e85e06cf794a849b23adc42ca44a4b7c9ecefa5935e7f53194db7f6b28c48483,data/ssa_tob_baseline_75year.manifest.json,751.117500000,634.063000000,1385.180500000,5.240338714,1.351198750,6.591537470,raw_microsim_differs_from_target,71535.000000000,208932.000000000,89742.832351000,1.945581935,1.057325559,0.708038940,10.007583017,6.591537470,Direct full-H5 microsimulation aggregate; generated post-OBBBA TOB baseline retained as a reference target,No post-hoc TOB calibration is applied to dashboard results. OASDI and HI target gaps are reported separately for review.,trustees-2025-core-thresholds-v1
2077,21725.423392620,787.249678421,662.284398708,1449.534077130,787.249678421,662.284398708,1449.534077130,785.089000000,660.199000000,1445.288000000,0.000000000,current_law,2026 Trustees Report intermediate assumptions: income-rate share of taxable payroll attributable to taxation of benefits,"CMS 2026 Medicare Trustees expanded tables, annual through 2100",2026 Trustees current-law TOB baseline (OBBBA native),TR2026 intermediate assumptions carry OBBBA in current law; values are the raw Trustees/CMS series with no bridge.,crfb_tr2026_current_law_tob_75y,calibration_target,e85e06cf794a849b23adc42ca44a4b7c9ecefa5935e7f53194db7f6b28c48483,data/ssa_tob_baseline_75year.manifest.json,785.089000000,660.199000000,1445.288000000,2.160678421,2.085398708,4.246077130,raw_microsim_differs_from_target,74065.000000000,216580.000000000,92918.708168000,1.957110750,1.062917273,0.712756787,10.031130941,4.246077130,Direct full-H5 microsimulation aggregate; generated post-OBBBA TOB baseline retained as a reference target,No post-hoc TOB calibration is applied to dashboard results. OASDI and HI target gaps are reported separately for review.,trustees-2025-core-thresholds-v1
2078,22541.803435180,818.141518129,689.154598667,1507.296116800,818.141518129,689.154598667,1507.296116800,820.572300000,687.208000000,1507.780300000,0.000000000,current_law,2026 Trustees Report intermediate assumptions: income-rate share of taxable payroll attributable to taxation of benefits,"CMS 2026 Medicare Trustees expanded tables, annual through 2100",2026 Trustees current-law TOB baseline (OBBBA native),TR2026 intermediate assumptions carry OBBBA in current law; values are the raw Trustees/CMS series with no bridge.,crfb_tr2026_current_law_tob_75y,calibration_target,e85e06cf794a849b23adc42ca44a4b7c9ecefa5935e7f53194db7f6b28c48483,data/ssa_tob_baseline_75year.manifest.json,820.572300000,687.208000000,1507.780300000,-2.430781871,1.946598667,-0.484183200,raw_microsim_differs_from_target,76689.000000000,224517.000000000,96213.999431000,1.965465864,1.066830338,0.716272687,10.040132121,-0.484183200,Direct full-H5 microsimulation aggregate; generated post-OBBBA TOB baseline retained as a reference target,No post-hoc TOB calibration is applied to dashboard results. OASDI and HI target gaps are reported separately for review.,trustees-2025-core-thresholds-v1
2079,23358.183477740,849.033357836,716.024798625,1565.058156460,849.033357836,716.024798625,1565.058156460,849.697700000,714.717000000,1564.414700000,0.000000000,current_law,2026 Trustees Report intermediate assumptions: income-rate share of taxable payroll attributable to taxation of benefits,"CMS 2026 Medicare Trustees expanded tables, annual through 2100",2026 Trustees current-law TOB baseline (OBBBA native),TR2026 intermediate assumptions carry OBBBA in current law; values are the raw Trustees/CMS series with no bridge.,crfb_tr2026_current_law_tob_75y,calibration_target,e85e06cf794a849b23adc42ca44a4b7c9ecefa5935e7f53194db7f6b28c48483,data/ssa_tob_baseline_75year.manifest.json,849.697700000,714.717000000,1564.414700000,-0.664342164,1.307798625,0.643456460,raw_microsim_differs_from_target,79411.000000000,232759.000000000,99631.260735000,1.970832953,1.069163413,0.718674835,10.035351362,0.643456460,Direct full-H5 microsimulation aggregate; generated post-OBBBA TOB baseline retained as a reference target,No post-hoc TOB calibration is applied to dashboard results. OASDI and HI target gaps are reported separately for review.,trustees-2025-core-thresholds-v1
2080,24174.563520300,879.925197544,742.894998584,1622.820196130,879.925197544,742.894998584,1622.820196130,879.925200000,742.895000000,1622.820200000,0.000000000,current_law,2026 Trustees Report intermediate assumptions: income-rate share of taxable payroll attributable to taxation of benefits,"CMS 2026 Medicare Trustees expanded tables, annual through 2100",2026 Trustees current-law TOB baseline (OBBBA native),TR2026 intermediate assumptions carry OBBBA in current law; values are the raw Trustees/CMS series with no bridge.,crfb_tr2026_current_law_tob_75y,calibration_target,e85e06cf794a849b23adc42ca44a4b7c9ecefa5935e7f53194db7f6b28c48483,data/ssa_tob_baseline_75year.manifest.json,879.925200000,742.895000000,1622.820200000,-0.000002456,-0.000001416,-0.000003870,raw_microsim_differs_from_target,82236.000000000,241316.000000000,103176.779256000,1.973369566,1.069999997,0.720021505,10.017803842,-0.000003870,Direct full-H5 microsimulation aggregate; generated post-OBBBA TOB baseline retained as a reference target,No post-hoc TOB calibration is applied to dashboard results. OASDI and HI target gaps are reported separately for review.,trustees-2025-core-thresholds-v1
2081,25125.741765100,917.737117599,773.737398680,1691.474516280,917.737117599,773.737398680,1691.474516280,919.782000000,772.179000000,1691.961000000,0.000000000,current_law,2026 Trustees Report intermediate assumptions: income-rate share of taxable payroll attributable to taxation of benefits,"CMS 2026 Medicare Trustees expanded tables, annual through 2100",2026 Trustees current-law TOB baseline (OBBBA native),TR2026 intermediate assumptions carry OBBBA in current law; values are the raw Trustees/CMS series with no bridge.,crfb_tr2026_current_law_tob_75y,calibration_target,e85e06cf794a849b23adc42ca44a4b7c9ecefa5935e7f53194db7f6b28c48483,data/ssa_tob_baseline_75year.manifest.json,919.782000000,772.179000000,1691.961000000,-2.044882401,1.558398680,-0.486483720,raw_microsim_differs_from_target,85165.000000000,250198.000000000,106854.448360000,1.986114620,1.077598917,0.724104060,10.042343170,-0.486483720,Direct full-H5 microsimulation aggregate; generated post-OBBBA TOB baseline retained as a reference target,No post-hoc TOB calibration is applied to dashboard results. OASDI and HI target gaps are reported separately for review.,trustees-2025-core-thresholds-v1
2082,26076.920009900,955.549037654,804.579798776,1760.128836430,955.549037654,804.579798776,1760.128836430,952.668000000,802.370000000,1755.038000000,0.000000000,current_law,2026 Trustees Report intermediate assumptions: income-rate share of taxable payroll attributable to taxation of benefits,"CMS 2026 Medicare Trustees expanded tables, annual through 2100",2026 Trustees current-law TOB baseline (OBBBA native),TR2026 intermediate assumptions carry OBBBA in current law; values are the raw Trustees/CMS series with no bridge.,crfb_tr2026_current_law_tob_75y,calibration_target,e85e06cf794a849b23adc42ca44a4b7c9ecefa5935e7f53194db7f6b28c48483,data/ssa_tob_baseline_75year.manifest.json,952.668000000,802.370000000,1755.038000000,2.881037654,2.209798776,5.090836430,raw_microsim_differs_from_target,88210.000000000,259438.000000000,110677.178928000,1.995384692,1.083266112,0.726960884,10.051310914,5.090836430,Direct full-H5 microsimulation aggregate; generated post-OBBBA TOB baseline retained as a reference target,No post-hoc TOB calibration is applied to dashboard results. OASDI and HI target gaps are reported separately for review.,trustees-2025-core-thresholds-v1
2083,27028.098254700,993.360957710,835.422198873,1828.783156580,993.360957710,835.422198873,1828.783156580,986.828400000,833.228000000,1820.056400000,0.000000000,current_law,2026 Trustees Report intermediate assumptions: income-rate share of taxable payroll attributable to taxation of benefits,"CMS 2026 Medicare Trustees expanded tables, annual through 2100",2026 Trustees current-law TOB baseline (OBBBA native),TR2026 intermediate assumptions carry OBBBA in current law; values are the raw Trustees/CMS series with no bridge.,crfb_tr2026_current_law_tob_75y,calibration_target,e85e06cf794a849b23adc42ca44a4b7c9ecefa5935e7f53194db7f6b28c48483,data/ssa_tob_baseline_75year.manifest.json,986.828400000,833.228000000,1820.056400000,6.532557710,2.194198873,8.726756580,raw_microsim_differs_from_target,91373.000000000,269041.000000000,114648.165492000,2.001448083,1.087149330,0.728683442,10.046088981,8.726756580,Direct full-H5 microsimulation aggregate; generated post-OBBBA TOB baseline retained as a reference target,No post-hoc TOB calibration is applied to dashboard results. OASDI and HI target gaps are reported separately for review.,trustees-2025-core-thresholds-v1
2084,27979.276499500,1031.172877760,866.264598969,1897.437476730,1031.172877760,866.264598969,1897.437476730,1031.750400000,864.825000000,1896.575400000,0.000000000,current_law,2026 Trustees Report intermediate assumptions: income-rate share of taxable payroll attributable to taxation of benefits,"CMS 2026 Medicare Trustees expanded tables, annual through 2100",2026 Trustees current-law TOB baseline (OBBBA native),TR2026 intermediate assumptions carry OBBBA in current law; values are the raw Trustees/CMS series with no bridge.,crfb_tr2026_current_law_tob_75y,calibration_target,e85e06cf794a849b23adc42ca44a4b7c9ecefa5935e7f53194db7f6b28c48483,data/ssa_tob_baseline_75year.manifest.json,1031.750400000,864.825000000,1896.575400000,-0.577522240,1.439598969,0.862076730,raw_microsim_differs_from_target,94656.000000000,279015.000000000,118769.471672000,2.004561229,1.089389873,0.729366382,10.027875383,0.862076730,Direct full-H5 microsimulation aggregate; generated post-OBBBA TOB baseline retained as a reference target,No post-hoc TOB calibration is applied to dashboard results. OASDI and HI target gaps are reported separately for review.,trustees-2025-core-thresholds-v1
2085,28930.454744300,1068.984797820,897.106999065,1966.091796880,1068.984797820,897.106999065,1966.091796880,1068.984800000,897.107000000,1966.091800000,0.000000000,current_law,2026 Trustees Report intermediate assumptions: income-rate share of taxable payroll attributable to taxation of benefits,"CMS 2026 Medicare Trustees expanded tables, annual through 2100",2026 Trustees current-law TOB baseline (OBBBA native),TR2026 intermediate assumptions carry OBBBA in current law; values are the raw Trustees/CMS series with no bridge.,crfb_tr2026_current_law_tob_75y,calibration_target,e85e06cf794a849b23adc42ca44a4b7c9ecefa5935e7f53194db7f6b28c48483,data/ssa_tob_baseline_75year.manifest.json,1068.984800000,897.107000000,1966.091800000,-0.000002180,-0.000000935,-0.000003120,raw_microsim_differs_from_target,98072.000000000,289397.000000000,123058.282043000,2.004743247,1.089999998,0.729009851,9.996805338,-0.000003120,Direct full-H5 microsimulation aggregate; generated post-OBBBA TOB baseline retained as a reference target,No post-hoc TOB calibration is applied to dashboard results. OASDI and HI target gaps are reported separately for review.,trustees-2025-core-thresholds-v1
2086,30130.008658420,1108.603357430,931.642998368,2040.246355790,1108.603357430,931.642998368,2040.246355790,1107.701600000,930.297000000,2037.998600000,0.000000000,current_law,2026 Trustees Report intermediate assumptions: income-rate share of taxable payroll attributable to taxation of benefits,"CMS 2026 Medicare Trustees expanded tables, annual through 2100",2026 Trustees current-law TOB baseline (OBBBA native),TR2026 intermediate assumptions carry OBBBA in current law; values are the raw Trustees/CMS series with no bridge.,crfb_tr2026_current_law_tob_75y,calibration_target,e85e06cf794a849b23adc42ca44a4b7c9ecefa5935e7f53194db7f6b28c48483,data/ssa_tob_baseline_75year.manifest.json,1107.701600000,930.297000000,2037.998600000,0.901757430,1.345998368,2.247755790,raw_microsim_differs_from_target,101624.000000000,300200.000000000,127517.496889000,2.007642246,1.090887347,0.730600130,10.036645123,2.247755790,Direct full-H5 microsimulation aggregate; generated post-OBBBA TOB baseline retained as a reference target,No post-hoc TOB calibration is applied to dashboard results. OASDI and HI target gaps are reported separately for review.,trustees-2025-core-thresholds-v1
2087,31329.562572540,1148.221917040,966.178997671,2114.400914710,1148.221917040,966.178997671,2114.400914710,1147.966200000,963.953000000,2111.919200000,0.000000000,current_law,2026 Trustees Report intermediate assumptions: income-rate share of taxable payroll attributable to taxation of benefits,"CMS 2026 Medicare Trustees expanded tables, annual through 2100",2026 Trustees current-law TOB baseline (OBBBA native),TR2026 intermediate assumptions carry OBBBA in current law; values are the raw Trustees/CMS series with no bridge.,crfb_tr2026_current_law_tob_75y,calibration_target,e85e06cf794a849b23adc42ca44a4b7c9ecefa5935e7f53194db7f6b28c48483,data/ssa_tob_baseline_75year.manifest.json,1147.966200000,963.953000000,2111.919200000,0.255717040,2.225997671,2.481714710,raw_microsim_differs_from_target,105318.000000000,311441.000000000,132154.836507000,2.007634891,1.090242805,0.731096207,10.059549826,2.481714710,Direct full-H5 microsimulation aggregate; generated post-OBBBA TOB baseline retained as a reference target,No post-hoc TOB calibration is applied to dashboard results. OASDI and HI target gaps are reported separately for review.,trustees-2025-core-thresholds-v1
2088,32529.116486660,1187.840476650,1000.714996970,2188.555473620,1187.840476650,1000.714996970,2188.555473620,1189.865800000,998.236000000,2188.101800000,0.000000000,current_law,2026 Trustees Report intermediate assumptions: income-rate share of taxable payroll attributable to taxation of benefits,"CMS 2026 Medicare Trustees expanded tables, annual through 2100",2026 Trustees current-law TOB baseline (OBBBA native),TR2026 intermediate assumptions carry OBBBA in current law; values are the raw Trustees/CMS series with no bridge.,crfb_tr2026_current_law_tob_75y,calibration_target,e85e06cf794a849b23adc42ca44a4b7c9ecefa5935e7f53194db7f6b28c48483,data/ssa_tob_baseline_75year.manifest.json,1189.865800000,998.236000000,2188.101800000,-2.025323350,2.478996970,0.453673620,raw_microsim_differs_from_target,109162.000000000,323143.000000000,136979.581656000,2.004869344,1.088144663,0.730557785,10.066477221,0.453673620,Direct full-H5 microsimulation aggregate; generated post-OBBBA TOB baseline retained as a reference target,No post-hoc TOB calibration is applied to dashboard results. OASDI and HI target gaps are reported separately for review.,trustees-2025-core-thresholds-v1
2089,33728.670400780,1227.459036260,1035.250996280,2262.710032540,1227.459036260,1035.250996280,2262.710032540,1222.149600000,1033.687000000,2255.836600000,0.000000000,current_law,2026 Trustees Report intermediate assumptions: income-rate share of taxable payroll attributable to taxation of benefits,"CMS 2026 Medicare Trustees expanded tables, annual through 2100",2026 Trustees current-law TOB baseline (OBBBA native),TR2026 intermediate assumptions carry OBBBA in current law; values are the raw Trustees/CMS series with no bridge.,crfb_tr2026_current_law_tob_75y,calibration_target,e85e06cf794a849b23adc42ca44a4b7c9ecefa5935e7f53194db7f6b28c48483,data/ssa_tob_baseline_75year.manifest.json,1222.149600000,1033.687000000,2255.836600000,5.309436260,1.563996280,6.873432540,raw_microsim_differs_from_target,113162.000000000,335330.000000000,142001.786349000,1.999531674,1.084691890,0.729040826,10.058351594,6.873432540,Direct full-H5 microsimulation aggregate; generated post-OBBBA TOB baseline retained as a reference target,No post-hoc TOB calibration is applied to dashboard results. OASDI and HI target gaps are reported separately for review.,trustees-2025-core-thresholds-v1
2090,34928.224314900,1267.077595870,1069.786995580,2336.864591450,1267.077595870,1069.786995580,2336.864591450,1267.077600000,1069.787000000,2336.864600000,0.000000000,current_law,2026 Trustees Report intermediate assumptions: income-rate share of taxable payroll attributable to taxation of benefits,"CMS 2026 Medicare Trustees expanded tables, annual through 2100",2026 Trustees current-law TOB baseline (OBBBA native),TR2026 intermediate assumptions carry OBBBA in current law; values are the raw Trustees/CMS series with no bridge.,crfb_tr2026_current_law_tob_75y,calibration_target,e85e06cf794a849b23adc42ca44a4b7c9ecefa5935e7f53194db7f6b28c48483,data/ssa_tob_baseline_75year.manifest.json,1267.077600000,1069.787000000,2336.864600000,-0.000004130,-0.000004420,-0.000008550,raw_microsim_differs_from_target,117322.000000000,348009.000000000,147223.340919000,1.991838352,1.079999996,0.726642249,10.036586501,-0.000008550,Direct full-H5 microsimulation aggregate; generated post-OBBBA TOB baseline retained as a reference target,No post-hoc TOB calibration is applied to dashboard results. OASDI and HI target gaps are reported separately for review.,trustees-2025-core-thresholds-v1
2091,36415.958039640,1314.700156540,1109.924796320,2424.624952860,1314.700156540,1109.924796320,2424.624952860,1313.755200000,1107.272000000,2421.027200000,0.000000000,current_law,2026 Trustees Report intermediate assumptions: income-rate share of taxable payroll attributable to taxation of benefits,"CMS 2026 Medicare Trustees expanded tables, annual through 2100",2026 Trustees current-law TOB baseline (OBBBA native),TR2026 intermediate assumptions carry OBBBA in current law; values are the raw Trustees/CMS series with no bridge.,crfb_tr2026_current_law_tob_75y,calibration_target,e85e06cf794a849b23adc42ca44a4b7c9ecefa5935e7f53194db7f6b28c48483,data/ssa_tob_baseline_75year.manifest.json,1313.755200000,1107.272000000,2421.027200000,0.944956540,2.652796320,3.597752860,raw_microsim_differs_from_target,121644.000000000,361191.000000000,152649.479308000,1.993213765,1.080776821,0.727106834,10.082188659,3.597752860,Direct full-H5 microsimulation aggregate; generated post-OBBBA TOB baseline retained as a reference target,No post-hoc TOB calibration is applied to dashboard results. OASDI and HI target gaps are reported separately for review.,trustees-2025-core-thresholds-v1
2092,37903.691764380,1362.322717220,1150.062597060,2512.385314270,1362.322717220,1150.062597060,2512.385314270,1362.258000000,1146.151000000,2508.409000000,0.000000000,current_law,2026 Trustees Report intermediate assumptions: income-rate share of taxable payroll attributable to taxation of benefits,"CMS 2026 Medicare Trustees expanded tables, annual through 2100",2026 Trustees current-law TOB baseline (OBBBA native),TR2026 intermediate assumptions carry OBBBA in current law; values are the raw Trustees/CMS series with no bridge.,crfb_tr2026_current_law_tob_75y,calibration_target,e85e06cf794a849b23adc42ca44a4b7c9ecefa5935e7f53194db7f6b28c48483,data/ssa_tob_baseline_75year.manifest.json,1362.258000000,1146.151000000,2508.409000000,0.064717220,3.911597060,3.976314270,raw_microsim_differs_from_target,126135.000000000,374899.000000000,158287.564479000,1.991822503,1.080051308,0.726565350,10.110374198,3.976314270,Direct full-H5 microsimulation aggregate; generated post-OBBBA TOB baseline retained as a reference target,No post-hoc TOB calibration is applied to dashboard results. OASDI and HI target gaps are reported separately for review.,trustees-2025-core-thresholds-v1
2093,39391.425489120,1409.945277890,1190.200397790,2600.145675680,1409.945277890,1190.200397790,2600.145675680,1412.661600000,1185.852000000,2598.513600000,0.000000000,current_law,2026 Trustees Report intermediate assumptions: income-rate share of taxable payroll attributable to taxation of benefits,"CMS 2026 Medicare Trustees expanded tables, annual through 2100",2026 Trustees current-law TOB baseline (OBBBA native),TR2026 intermediate assumptions carry OBBBA in current law; values are the raw Trustees/CMS series with no bridge.,crfb_tr2026_current_law_tob_75y,calibration_target,e85e06cf794a849b23adc42ca44a4b7c9ecefa5935e7f53194db7f6b28c48483,data/ssa_tob_baseline_75year.manifest.json,1412.661600000,1185.852000000,2598.513600000,-2.716322110,4.348397790,1.632075680,raw_microsim_differs_from_target,130802.000000000,389154.000000000,164146.773944000,1.987848562,1.077923333,0.725083027,10.122323165,1.632075680,Direct full-H5 microsimulation aggregate; generated post-OBBBA TOB baseline retained as a reference target,No post-hoc TOB calibration is applied to dashboard results. OASDI and HI target gaps are reported separately for review.,trustees-2025-core-thresholds-v1
2094,40879.159213860,1457.567838570,1230.338198530,2687.906037090,1457.567838570,1230.338198530,2687.906037090,1451.412200000,1227.488000000,2678.900200000,0.000000000,current_law,2026 Trustees Report intermediate assumptions: income-rate share of taxable payroll attributable to taxation of benefits,"CMS 2026 Medicare Trustees expanded tables, annual through 2100",2026 Trustees current-law TOB baseline (OBBBA native),TR2026 intermediate assumptions carry OBBBA in current law; values are the raw Trustees/CMS series with no bridge.,crfb_tr2026_current_law_tob_75y,calibration_target,e85e06cf794a849b23adc42ca44a4b7c9ecefa5935e7f53194db7f6b28c48483,data/ssa_tob_baseline_75year.manifest.json,1451.412200000,1227.488000000,2678.900200000,6.155638570,2.850198530,9.005837090,raw_microsim_differs_from_target,135646.000000000,403959.000000000,170228.583064000,1.981559380,1.074538017,0.722756529,10.119630758,9.005837090,Direct full-H5 microsimulation aggregate; generated post-OBBBA TOB baseline retained as a reference target,No post-hoc TOB calibration is applied to dashboard results. OASDI and HI target gaps are reported separately for review.,trustees-2025-core-thresholds-v1
2095,42366.892938600,1505.190399240,1270.475999270,2775.666398500,1505.190399240,1270.475999270,2775.666398500,1505.190400000,1270.476000000,2775.666400000,0.000000000,current_law,2026 Trustees Report intermediate assumptions: income-rate share of taxable payroll attributable to taxation of benefits,"CMS 2026 Medicare Trustees expanded tables, annual through 2100",2026 Trustees current-law TOB baseline (OBBBA native),TR2026 intermediate assumptions carry OBBBA in current law; values are the raw Trustees/CMS series with no bridge.,crfb_tr2026_current_law_tob_75y,calibration_target,e85e06cf794a849b23adc42ca44a4b7c9ecefa5935e7f53194db7f6b28c48483,data/ssa_tob_baseline_75year.manifest.json,1505.190400000,1270.476000000,2775.666400000,-0.000000760,-0.000000730,-0.000001500,raw_microsim_differs_from_target,140672.000000000,419333.000000000,176538.795891000,1.973147747,1.069999999,0.719658244,10.103400624,-0.000001500,Direct full-H5 microsimulation aggregate; generated post-OBBBA TOB baseline retained as a reference target,No post-hoc TOB calibration is applied to dashboard results. OASDI and HI target gaps are reported separately for review.,trustees-2025-core-thresholds-v1
2096,44187.082807980,1565.230238580,1319.129398910,2884.359637480,1565.230238580,1319.129398910,2884.359637480,1561.001600000,1315.201000000,2876.202600000,0.000000000,current_law,2026 Trustees Report intermediate assumptions: income-rate share of taxable payroll attributable to taxation of benefits,"CMS 2026 Medicare Trustees expanded tables, annual through 2100",2026 Trustees current-law TOB baseline (OBBBA native),TR2026 intermediate assumptions carry OBBBA in current law; values are the raw Trustees/CMS series with no bridge.,crfb_tr2026_current_law_tob_75y,calibration_target,e85e06cf794a849b23adc42ca44a4b7c9ecefa5935e7f53194db7f6b28c48483,data/ssa_tob_baseline_75year.manifest.json,1561.001600000,1315.201000000,2876.202600000,4.228638580,3.928398910,8.157037480,raw_microsim_differs_from_target,145888.000000000,435303.000000000,183087.519073000,1.977105476,1.072898551,0.720491165,10.150879458,8.157037480,Direct full-H5 microsimulation aggregate; generated post-OBBBA TOB baseline retained as a reference target,No post-hoc TOB calibration is applied to dashboard results. OASDI and HI target gaps are reported separately for review.,trustees-2025-core-thresholds-v1
2097,46007.272677360,1625.270077930,1367.782798540,2993.052876460,1625.270077930,1367.782798540,2993.052876460,1618.877900000,1361.725000000,2980.602900000,0.000000000,current_law,2026 Trustees Report intermediate assumptions: income-rate share of taxable payroll attributable to taxation of benefits,"CMS 2026 Medicare Trustees expanded tables, annual through 2100",2026 Trustees current-law TOB baseline (OBBBA native),TR2026 intermediate assumptions carry OBBBA in current law; values are the raw Trustees/CMS series with no bridge.,crfb_tr2026_current_law_tob_75y,calibration_target,e85e06cf794a849b23adc42ca44a4b7c9ecefa5935e7f53194db7f6b28c48483,data/ssa_tob_baseline_75year.manifest.json,1618.877900000,1361.725000000,2980.602900000,6.392177930,6.057798540,12.449976460,raw_microsim_differs_from_target,151297.000000000,451875.000000000,189880.225471000,1.978263202,1.074224920,0.720339780,10.181415807,12.449976460,Direct full-H5 microsimulation aggregate; generated post-OBBBA TOB baseline retained as a reference target,No post-hoc TOB calibration is applied to dashboard results. OASDI and HI target gaps are reported separately for review.,trustees-2025-core-thresholds-v1
2098,47827.462546740,1685.309917270,1416.436198180,3101.746115450,1685.309917270,1416.436198180,3101.746115450,1678.840700000,1410.264000000,3089.104700000,0.000000000,current_law,2026 Trustees Report intermediate assumptions: income-rate share of taxable payroll attributable to taxation of benefits,"CMS 2026 Medicare Trustees expanded tables, annual through 2100",2026 Trustees current-law TOB baseline (OBBBA native),TR2026 intermediate assumptions carry OBBBA in current law; values are the raw Trustees/CMS series with no bridge.,crfb_tr2026_current_law_tob_75y,calibration_target,e85e06cf794a849b23adc42ca44a4b7c9ecefa5935e7f53194db7f6b28c48483,data/ssa_tob_baseline_75year.manifest.json,1678.840700000,1410.264000000,3089.104700000,6.469217270,6.172198180,12.641415450,raw_microsim_differs_from_target,156901.000000000,469061.000000000,196917.025622000,1.976881037,1.074123120,0.719306111,10.196427021,12.641415450,Direct full-H5 microsimulation aggregate; generated post-OBBBA TOB baseline retained as a reference target,No post-hoc TOB calibration is applied to dashboard results. OASDI and HI target gaps are reported separately for review.,trustees-2025-core-thresholds-v1
2099,49647.652416120,1745.349756620,1465.089597810,3210.439354430,1745.349756620,1465.089597810,3210.439354430,1741.007700000,1460.995000000,3202.002700000,0.000000000,current_law,2026 Trustees Report intermediate assumptions: income-rate share of taxable payroll attributable to taxation of benefits,"CMS 2026 Medicare Trustees expanded tables, annual through 2100",2026 Trustees current-law TOB baseline (OBBBA native),TR2026 intermediate assumptions carry OBBBA in current law; values are the raw Trustees/CMS series with no bridge.,crfb_tr2026_current_law_tob_75y,calibration_target,e85e06cf794a849b23adc42ca44a4b7c9ecefa5935e7f53194db7f6b28c48483,data/ssa_tob_baseline_75year.manifest.json,1741.007700000,1460.995000000,3202.002700000,4.342056620,4.094597810,8.436654430,raw_microsim_differs_from_target,162711.000000000,486895.000000000,204212.332223000,1.973093002,1.072668570,0.717434438,10.196788305,8.436654430,Direct full-H5 microsimulation aggregate; generated post-OBBBA TOB baseline retained as a reference target,No post-hoc TOB calibration is applied to dashboard results. OASDI and HI target gaps are reported separately for review.,trustees-2025-core-thresholds-v1
2100,51467.842285500,1805.389595960,1513.742997450,3319.132593410,1805.389595960,1513.742997450,3319.132593410,1805.389600000,1513.743000000,3319.132600000,0.000000000,current_law,2026 Trustees Report intermediate assumptions: income-rate share of taxable payroll attributable to taxation of benefits,"CMS 2026 Medicare Trustees expanded tables, annual through 2100",2026 Trustees current-law TOB baseline (OBBBA native),TR2026 intermediate assumptions carry OBBBA in current law; values are the raw Trustees/CMS series with no bridge.,crfb_tr2026_current_law_tob_75y,calibration_target,e85e06cf794a849b23adc42ca44a4b7c9ecefa5935e7f53194db7f6b28c48483,data/ssa_tob_baseline_75year.manifest.json,1805.389600000,1513.743000000,3319.132600000,-0.000004040,-0.000002550,-0.000006590,raw_microsim_differs_from_target,168728.000000000,505383.000000000,211786.517624000,1.967149847,1.069999998,0.714749463,10.183928285,-0.000006590,Direct full-H5 microsimulation aggregate; generated post-OBBBA TOB baseline retained as a reference target,No post-hoc TOB calibration is applied to dashboard results. OASDI and HI target gaps are reported separately for review.,trustees-2025-core-thresholds-v1
